title,seendate,discrete_score,continuous_score,ground_truth
Nigella Lawson reveals her favourite Australian food and  guilty pleasure  snacks,2021-04-17,0,0.0337629355490208,0
"In nostalgia trip , Tata Sky Seniors brings back hit DD show Swabhimaan",2021-04-22,0,0.147615846246481,0
Buying Myself Back : Emily Ratajkowski is minting an NFT that will go under the hammer,2021-04-24,0,0.0692210234701634,1
Thousands of Johnson & Johnson COVID - 19 vaccines to be given out this weekend across the Triad,2021-04-09,0,0.1673933928832412,0
Hillicon Valley : Huawei to move toward software development in wake of US restrictions | DeSantis signs bill to fine tech companies for banning politicians | Twitter to rollout ticketed Spaces to limited group of users,2021-05-25,-1,-0.5388993173837663,-1
JP Morgan Launches Bitcoin Fund For Rich Clients After Years Of Bashing Crypto,2021-04-26,0,0.1163491643965245,1
Ethereum Closes In on Long - Sought Fix to Cut Energy Use Over 99 % ,2021-05-24,1,0.5012656338512897,1
How to get rich : How 10 Devon folk made their millions,2021-06-07,0,0.0391712039709091,1
"Australia news LIVE : Melbourne COVID cases grow , Melbourne lockdown continues , Ben Roberts - Smith case begins",2021-06-07,0,-0.0607362985610961,0
"Warriors fall to Lakers in inaugural play - in , leaving Friday matchup with Grizzlies for playoff bid",2021-05-20,-1,-0.7579352762550116,0
These Are the Most Judged Drinks to Order on a First Date | 96 . 1 KISSFM,2021-04-16,0,0.1100393487140536,0
Cafe Boulud now a long - term offering at Blantyre,2021-05-10,0,0.0465512257069349,0
FTSE 100 and cryptos treading water ; weak start for Wall Street,2021-06-07,-1,-0.9564752960577606,-1
Bitcoin Backers Now Have to Worry About  Key Man  Risk With Elon Musk,2021-05-18,-1,-0.5945728104561567,-1
The 3 Red - Hot Hitters Driving MLB Offensive Youth Movement in 2021,2021-05-25,0,0.0719048734754324,0
Mandy Field eyes cheesecake domination with Tootie Fruities,2021-05-29,0,-0.0164385363459586,0
"Excerpt : Vol . 2 of Empires of Eve , Andrew Groen history of Eve Online",2021-05-25,0,0.0030226744711399,0
"After False Breakout , Stellar Lumens Stages Nasty Reversal",2021-05-13,-1,-0.1940067410469055,-1
Model Cara Delevingne auctioning off vagina - inspired NFT,2021-05-15,0,0.0377878695726394,1
Updated : Aspiring  Crypto - Bank  Crypterium Seedrs Campaign Now Nearing €2 Million Raised,2021-04-02,0,0.31061171554029,1
Geely Coolray joins Nigeria automotive market | The Guardian Nigeria News - Nigeria and World News Features The Guardian Nigeria News – Nigeria and World News,2021-06-04,0,-0.01017233915627,0
Dollar set for back - to - back weekly losses as Treasury yields retreat By Reuters,2021-04-16,-1,-0.9050411321222782,-1
Tesla Motors ( TSLA ) - How To Buy Dogecoin In India,2021-04-23,0,0.0830571269616484,1
NEAR Protocol Launches the First Fully Trustless Bridge to Ethereum - Press Release,2021-04-06,0,0.1056577442213893,1
"In 2019 , Lans King had an NTAG216 NFC microchip capsule implanted in his left hand",2021-06-02,0,0.0414309818297623,1
BitWats Release Powerful 5nm ASIC Miners,2021-04-21,0,0.0501013677567244,1
AllianceBlock Launches Data Tunnel MVP – Bankless Times,2021-06-04,0,-0.0332558453083038,1
"Top 3 Price Prediction Bitcoin , Ethereum , Ripple : Increased stablecoin supply points to new crypto market rally",2021-05-26,1,0.9359246967360376,1
El Salvador president wants Bitcoin as legal tender : The Asahi Shimbun,2021-06-07,0,0.106386475265026,1
"This Mother Day , Celebrate Women Who Chose Life in the Midst of a War by Lila Rose",2021-05-09,0,0.1012695487588644,0
Global Fintech Ibanera Teams Up With BitAML For Crypto Compliance Advisory,2021-05-15,1,0.8017151528038086,1
Uganda : Museveni Tightens Grip On Power | Humanitarian News,2021-05-11,-1,-0.5778593532741071,-1
SIX Welcomes SEBA Bank As New ETP Issuer,2021-04-08,0,0.3279345938935876,1
Hagerman to Play Softball for Griffins,2021-04-15,0,0.0325395427644253,0
Bayer set to hold the 3rd Edition of the Nigeria Maize Conference,2021-04-16,0,0.0581453517079354,0
"Is your carbon accounting system prepared to count remote work ? | A Green Living Blog - Go Green , Green Home , Green Energy",2021-05-28,0,0.0658935345709323,0
Made in Germany - Cryptocurrencies - worth the ride ? | Made in Germany | DW,2021-04-27,0,0.0139441657811403,0
Plying through history : A look at the Conestoga River,2021-05-29,0,0.0925080496817827,0
"Bitcoin Now  Trapped  In A Range , It Is Trendless Until Proven Otherwise",2021-05-30,0,-0.3943085819482803,-1
"TA : Ethereum Holds Strong Above $2K , Why Rally Isnt Over Yet",2021-04-05,1,0.4513216614723206,1
Bitcoin Exchanges Could Be Shut down en Masse,2021-04-23,-1,-0.8683866262435913,-1
"Watch : The Weeknd , Ariana Grande Save Your Tears performance at iHeartRadio Music Awards",2021-05-29,0,0.3041830286383629,0
"SEC Gensler on GameStop , cryptos : LIVE updates",2021-05-06,0,-0.0036584492772818,0
Tesla changes stance on Bitcoin amid climate concerns | News | DW,2021-05-13,0,-0.413412131369114,-1
"Bitcoin , Ethereum Slide On Turkish Ban , Dogecoin Goes Ballistic , Up 500 % + In A Week",2021-04-18,1,0.8921815175563098,1
"Unique supernova explosion  stretches what physically possible , scientists say",2021-05-10,0,0.0193820372223854,0
East Bridgewater : Abby Burke is TikTok cake artist at CakeArtByAbby,2021-04-01,0,0.0133915543556212,0
BluCollar - press releases - openPR . com,2021-04-07,0,-0.0075247325003147,0
"In Lifetime joyful  Mahalia , Danielle Brook song and fury triumphs over a tepid script",2021-04-03,0,0.1708602197468281,0
"Cox , Romney , others emphasize need for GOP unity at state convention to select new party leader",2021-05-01,0,0.2908826023340224,0
Ali Baiocco is the US Lacrosse Division I Women Player of the Week,2021-04-20,0,0.0300637371838093,0
Celo rallies 50 % as excitement builds for the upcoming  Donut  hardfork,2021-05-19,1,0.8924009911715984,1
Walter Röhrl got a Porsche 924 Carrera GTS on his 74th birthday,2021-05-18,0,0.0517309103161097,0
Super Rugby : Hunter Paisami back for Queensland Reds,2021-05-20,0,0.0799245238304138,0
S & P gives in to Adani pressure,2021-04-13,0,0.1294494718313218,0
  We just never see the sunlight : Villager dismay over neighbour 40ft high hedge,2021-05-24,0,-0.0379599407315255,0
Fan mod puts Resident Evil Village Lady Dimitrescu in Bloodborne,2021-05-20,0,-0.4337069801986218,0
"Giants make one run hold up , blank Marlins",2021-04-18,0,-0.0098664797842503,0
Twelve best Doge Day memes : 4 / 20 marks cryptocurrency holiday ! ,2021-04-20,0,0.0754159931093454,1
"Blown away by the powerful storytelling in local shows ,  DiepCity ,  The Estate  &  Rockville  ",2021-04-11,0,0.1320063285529613,0
Opinion : U . S . business moved to combat racism after George Floyd murder . Here what still needs to be done . ,2021-05-03,0,0.0490197762846946,0
50 / 50 chance Perth Covid - 19 lockdown will be extended,2021-04-26,0,-0.1616413574665785,-1
Miley Cyrus strikes poses in a pair of SHEER sequin embroidered pants,2021-05-05,0,0.0869594477117061,0
"Stocks Are Mixed Amid Inflation Rise , J & J Pause : Markets Wrap",2021-04-13,-1,-0.5805495530366898,-1
Customers From Latin American E - Commerce Giant Mercado Libre Can Buy Real Estate With Bitcoin – News Bitcoin News,2021-04-29,0,0.0223435293883084,1
Who is Jarred Kelenic ? ,2021-05-11,0,-0.2086311504244804,0
Earning Interest on Crypto & Fiat Has Never Been Easier as Nexo Offers Passive Income of up to 12 % ,2021-04-09,0,0.0602247305214405,1
Texas Parks & Wildlife Announces $21 . 6 Million in Grants,2021-05-29,0,0.360486438497901,0
VeChain Price Prediction : VET heads to $1 next,2021-05-18,1,0.4734956007450819,1
Hancock : Lack of queue jumping helped vaccine drive,2021-06-02,1,0.922420468181372,1
India cryptocurrency industry draws up  legitimacy plan  ,2021-06-03,0,0.0403883149847388,1
Sunrise Sam Mac shares rare details about his partner Rebecca James,2021-04-17,0,0.0359255261719227,0
Aussie Tax Agency Warns Crypto Investors to Declare Accurate Income,2021-05-28,-1,-0.5461302138864994,-1
"After a Bitcoin Crackdown , China Now Calls It an  Investment Alternative  in a Significant Shift in Tone – NBC 7 San Diego",2021-04-19,0,0.2062346572056413,0
Small march to Inuvik greenhouse honours the 215 lost children in Kamloops,2021-06-02,0,-0.1988472789525986,0
Meditative art show is out of this world,2021-05-27,0,-0.0892157889902592,0
Lapels Dry Cleaning Becomes Largest Dry Cleaner on The Planet,2021-05-11,1,0.8513112301006913,0
"Creator Of Flawless Top Indicator Says Bitcoin Isnt Done , Despite Signal",2021-05-05,0,0.1861402541399002,1
New Electric Car From Daymak Will Mine Cryptocurrency While Parked | US97,2021-06-01,0,0.3810294037684797,1
Bitcoin crypto craze and Miami big day,2021-06-03,0,-0.0194706935435534,1
National Gallery of Canada launches its Spring - Summer 2021 programming,2021-04-22,0,0.0227157585322856,0
Garlinghouse : 1 Bitcoin Transaction Requires 75 Gallons of Gasoline,2021-04-02,0,0.0556149948388338,-1
Guru Capital to Acquire Oval,2021-05-14,0,0.0424085231497884,0
"Asian Stocks Up , Focus on COVID - 19 Economic Recovery Despite Mutant Strains Risk By Investing . com",2021-04-19,0,0.243530573323369,1
"Dollar Up as U . S . Employment Data Disappoints , Focus Turns to Inflation By Investing . com",2021-05-10,0,0.146694228053093,-1
Suffering A Sea - Change - China Is Taking Its Financial War With US Into FX,2021-05-29,-1,-0.5160304531455041,-1
Africa quick to take to digital currencies,2021-04-21,0,0.1537496447563172,1
Here comes PakCoin - Newspaper,2021-04-29,0,0.0215552691370249,1
Dan Ives Talks SNL Impact On Tesla And Popular Cryptocurrencies,2021-05-10,0,0.0450645256787538,0
Anyone can benefit from white privilege ! ,2021-04-28,0,0.0851264111697673,0
Best Memorial Day sales from across the web 2021,2021-05-28,0,0.2333188662305474,0
4 jaw - droppingly expensive things Chennai Super Kings squad owns,2021-04-22,0,-0.0017142966389655,0
Elon Musk Hosts SNL & World Fourth Largest Cryptocurrency Dogecoin .... ,2021-05-10,0,0.0702605843544006,1
Elyse Knowles reveals she was  scared  to leave the house after giving birth,2021-05-15,0,-0.4055854640901088,0
"COIN Bounces Back As Cathie Wood  Bought The Dip , Dumped Some Tesla",2021-04-15,0,0.0585927069187163,1
HTC now lets you directly buy Vive repair parts through iFixit,2021-04-27,0,0.1022370858117938,0
Lady Smith Black Mambazo lead the way at launch of  Backing The Back Up Artists  ,2021-05-06,0,0.1137117166072129,0
"A proliferation of space junk is blocking our view of the cosmos , research shows",2021-04-27,-1,-0.7409981973469257,0
Dorsey speaks about wallet for bitcoin - Newspaper,2021-06-05,0,0.0283892694860696,1
Cruise absence sinking local tour operators,2021-05-09,0,-0.0419020149856805,0
Lhoft Foundations selects 10 startups for Catapult bootcamp,2021-05-27,0,0.107260849326849,1
Sens . Sinema and Kelly Pressured to Help Kill the Filibuster by Arizona Democratic Party Resolution,2021-05-23,-1,-0.3991438150405884,0
Why Was Square Stock Falling on Wednesday ? ,2021-04-14,-1,-0.92597202770412,-1
Analysis : How murky legal rules allow Tesla Musk to keep moving markets,2021-05-14,0,-0.1590743828564882,0
Emiley Kennedy No - Hitter Leads Lake Creek Into Regional Semis,2021-05-15,0,0.1765836477279663,0
Coinbase Direct Listing Steadies Crypto Industry | Global Finance Magazine,2021-05-06,0,0.0439237058162688,1
Donor Uses $1K Dogecoin Earnings To Pay Adoption Fees At Pet Shelter | 101 . 7 The Bull,2021-04-26,0,0.0723271751776337,1
2020 - 21 Season Recap : February | Cleveland Cavaliers,2021-05-24,0,-0.2828480675816536,0
cryptocurrency : Hazy rules delink Indian cryptos from global markets,2021-04-20,0,-0.0985956434160471,-1
London killings :  It like a war zone . How did it come to this ? | Gangs,2021-05-01,0,-0.2805676385760308,-1
Tesla to stop using Bitcoin for car payments,2021-05-13,0,-0.0761255510151387,-1
Norton 360 antivirus will soon mine cryptocurrency,2021-06-03,0,-0.0276627577841282,1
Cryptocurrency Market To Witness Astonishing Growth By 2026,2021-06-06,1,0.9210640387609602,1
Fuel shortages could occur at gas stations this summer due to tanker truck driver availability,2021-04-28,-1,-0.9519429542124273,0
Is cryptocurrency a security ? ,2021-04-14,0,-0.0230864360928535,0
The Top 10 Absurdities Of The COVID Pandemic … So Far,2021-05-08,0,-0.166222482919693,0
Man used Bitcoin to buy meth off the  dark web  ,2021-06-01,0,0.0569329038262367,-1
"7 things to do in Montreal this Easter weekend , April 9 to 11",2021-04-09,0,-0.0247451905161143,0
Irish artist has netted €1m from digital token boom,2021-04-02,1,0.67318313755095,1
Mischevious Alex Breaks Through With Grade 1 Performance In Carter Handicap - Horse Racing News,2021-04-04,1,0.831152000464499,0
"Defiant Cupid rebukes Chamber , wont change vote on zoning opposed by Dobbins | Region",2021-05-26,0,-0.3961927071213722,0
Ron Paul Warns of Government Crackdown on Bitcoin  The Government Is the Threat  – Regulation Bitcoin News,2021-04-05,-1,-0.8454530946910381,-1
Got The Mojo Rolling At Harrington | Standardbred Canada,2021-06-08,0,0.1596003621816635,0
Desi crypto bourses see outage as Bitcoin cracks,2021-05-20,-1,-0.4906165935099125,-1
Who is Vitalik Buterin ? Ethereum co - founder donates cryptocurrency worth $1 . 5B to India Covid relief fund,2021-05-13,0,0.0969227347522974,1
Premarket stocks : What keeping America top economists up at night,2021-04-02,0,0.0330588184297085,0
Rome central park turns into open air show of contemporary art,2021-05-11,0,0.0877827480435372,0
"Luongo : The Digital Yuan , Proof Of Guns , & The Expiration Of Money",2021-04-17,0,-0.0003823153674602,0
Singapore to get world first regulated digital exchange for asset - backed tokens | Emergent Tech,2021-05-25,1,0.6869796318933369,1
"Allentown looks to hire homeless services coordinator , considers permanent housing initiatives with  game - changing  federal stimulus",2021-04-15,1,0.6819078847765923,0
Coinbase Card Now Supports Apple Pay for Easy Spending of Cryptocurrency,2021-06-01,0,0.2382410038262606,1
Miami - Dade Leaders Speak Out On Gun Violence On National Day Of Prayer | NewsRadio WFLA,2021-05-06,0,-0.0181739777326584,0
Crypto Stocks to Buy : 3 Firms to Capitalize on Blockchain Revolution,2021-05-14,0,0.2826550351455807,1
"Bitcoin Price Falls $8K to 3 - Week Low , Altcoins Crash",2021-04-18,-1,-0.9481246750801802,-1
M & S unveils Colin the Caterpillar cake jars,2021-04-07,0,0.0905451290309428,0
Majority of Americans Surveyed Think NFTs Are More Than Just a Fad,2021-04-03,0,-0.168406393378973,1
Indigenous stewardship linked to biodiversity,2021-04-21,0,0.133621877990663,0
"Bitcoin trades around $38 , 000 as cryptocurrencies slide",2021-05-27,0,0.0603901818394661,-1
Bitcoin bounces strongly after hitting lowest since early March,2021-04-26,-1,-0.5971002131700516,1
"in # CASE you missed it ... Chipotle Giving Away Bitcoin , Burritos | 95 . 7 The Jet",2021-04-01,0,0.0043135918676852,1
How to make your post - vaccine days a bit brighter,2021-04-22,0,0.0015136078000067,0
Morning Bell With Jim Cramer : Dogecoin and Crypto Regulation,2021-04-16,0,0.0152044855058193,0
"An AR party is coming to a shared metaverse , with one million token set to burn",2021-05-26,0,0.0721305869519711,1
Eliminate cable clutter with this Logitech wireless keyboard for $17,2021-05-26,0,0.0780400410294533,0
Alakija drops out of 2021 Forbes list of billionaires,2021-04-08,-1,-0.8990023788064719,-1
Grayscale Effect Fades as GBTC Trades at Record - 19 % Low Discount,2021-04-23,-1,-0.820325743407011,-1
Thematic investing : cryptocurrencies,2021-06-04,0,0.0189858190715313,0
Chinese cryptocurrency financial services firm Babel Finance rides the mainstream wave with US$40mil Series A,2021-05-11,1,0.5187034383416176,1
Save Our Children focuses on Waco - area organizations working to end youth violence,2021-06-03,0,0.0311178062111139,0
Lawton - Fort Sill Regional Airport looking forward to return of passengers,2021-04-22,1,0.5900518614798785,0
Non - Fungible Tokens : Of Course Theyre Attracting Scammers,2021-04-02,0,-0.112061958760023,-1
Celebrities pay tribute to Olympia Dukakis following her death,2021-05-03,0,0.0695888623595238,0
Hive Stock : Better Upside Than GameStop or BlackBerry Today,2021-04-04,1,0.9128361381590366,1
Look for technologies that tackle the challenges of the hour,2021-06-03,0,0.1248643985018134,0
Zee5 Global and Publicis Groupe rank number one in Googleâ€™s nationwide optiscore challenge,2021-05-03,1,0.5099175004288554,1
McHenry County Board votes to keep ICE contract,2021-05-19,0,-0.1023930981755256,0
Turkey cryptocurrency exchange bust spurs move for regulation,2021-04-28,0,0.2086354307830334,1
Fallout from rogue event worries other Alberta rodeo organizers,2021-05-12,-1,-0.9246189203113316,0
Actor Joel Edgerton weighs in on Australia obsession with reality TV,2021-05-08,0,0.2005756571888924,0
"Amid Dogecoin Hype , Elon Musk Warns On Investing With  Caution  In Cryptocurrencies",2021-05-07,0,0.0072333775460719,0
Nasdaq Composite Leads Stock Market Rally as Major Indices Seek to Close May in Gains,2021-05-25,1,0.7439708262681961,1
Former World Best Remote Hotel up for sale,2021-04-04,0,0.0096853487193584,0
"Macron Sees  Difficult  Choices , Holds Back On Re - election Bid",2021-06-03,-1,-0.7114591896533967,-1
How to play Rocket League on a Chromebook,2021-05-19,0,0.0137603599578141,0
"Here Why Kevin OLeary Invests In DeFi , Doubles Down On Crypto And Thinks Everyone Should Also Do It",2021-05-27,0,0.006152793765068,1
How to protect and secure nonfungible tokens,2021-06-07,0,0.0231039989739656,1
"Vitalik Buterin donates ethereum , shiba inu to Indian Covid fund Quartz India",2021-05-17,0,0.0817024046555162,1
Doja Cat Launches NFT Marketplace Juicy Drops,2021-04-22,0,0.1835286170244217,1
"Apple Inc . ( NASDAQ : AAPL ), Amazon . com , Inc . ( NASDAQ : AMZN ) - Will Big - Tech Drive Indices to Record Highs in Q2 ? ",2021-04-20,0,0.2581733539700508,0
Tether market cap hits $50B as stablecoin adoption grows,2021-04-26,1,0.8330322057008743,1
"Mass protests , hijacked planes , and Chernobyl children : Sveta leads Belarus charge for change",2021-05-24,0,-0.112788051366806,0
Amanda Abbington shows off her newly cropped locks after salon visit,2021-05-08,0,0.1038541197776794,0
"Crypto fever grips Turkey despite risks , new regulations",2021-05-16,0,0.2521487912163138,1
Filling a Market Gap : Heart of TenX Journey to Mimo DeFi,2021-04-14,0,0.1241173017770052,0
"Events - Arts - Sunday , April 25 , 2021 - The Austin Chronicle",2021-04-25,0,-0.0007162615656851,0
Why I bought bitcoin,2021-04-16,0,0.0293743573129177,1
Elon Musk : Memelord or meme thief ? ,2021-05-08,0,-0.067164596170187,0
"Bitcoin shock waves do rattle the stock market , study finds  no longer fringe asset  ",2021-05-26,0,-0.2986138798296451,-1
Nesten Announces Strategic Partnership with Ethernom to Introduce Advanced Biometric Smart Cards to support Nesten IoT Token ( NIT ) and Network Ecosystem,2021-04-03,1,0.8753449618816377,1
"Square eyeing creation of bitcoin hardware wallet , Jack Dorsey tweets",2021-06-05,0,0.0653061345219612,0
Central bank digital currencies could disrupt financial systems,2021-04-25,-1,-0.8985552247613667,-1
A Technical Look At PayPal Ahead Of Earnings,2021-05-05,0,0.0213996022939681,0
What Joe Manchin constituents think of his bipartisanship,2021-06-05,0,0.0130943302065133,0
We try some deli treats delivered from Folk in Cleethorpes,2021-04-02,0,0.0408843848854303,0
Global Blockchain Market Value Expected To Reach $60 . 2 Billion,2021-04-23,0,0.4659917624667287,1
Ty Hotel importance in Milford Haven economy,2021-04-24,0,0.1315770316869021,0
"Dogecoin now worth more than Twitter , Dogecoin price flies to the moon",2021-05-05,0,0.146216887049377,1
A  starter kit  for supermassive black holes ? | Life,2021-04-01,0,0.0194498673081398,0
Mare Of Easttown is stunning as it is – let avoid a second season,2021-06-02,1,0.5623536482453347,0
E2open Announces Business Update and Provides Preliminary Financial Results,2021-04-05,0,-0.0206063166260719,0
Latest Articles,2021-05-11,0,-0.0447402056306601,0
GALAX GeForce RTX 3070 + RTX 3080 LHR series : gimped ETH mining GPUs,2021-05-10,0,0.0375431505963207,1
"Australia breaking news today , live coronavirus updates and latest headlines May 21 , 2021 : William , Harry condemn BBC over Diana interview ; New blood clotting cases linked to AstraZeneca vaccine ; Israeli Cabinet backs ceasefire",2021-05-20,0,-0.1396945416927338,0
People clicking at home raises Google revenues 34 % ,2021-04-28,1,0.8967777080833912,1
J & J Vaccines Tainted by AstraZeneca Virus in Baltimore Plant ( Trump Funded ) Sent in EU and Canada ? Big Pharma War - Games ! – Veterans Today | Military Foreign Affairs Policy Journal for Clandestine Services,2021-05-08,0,-0.0497154667973519,0
Binance could be in trouble as European regulators are examining the exchange,2021-04-22,-1,-0.9339846484363078,-1
Cambridge Blockchain wins prestigious pitch challenge – Bankless Times,2021-04-24,1,0.5205740537494421,0
The highs and crashing lows of returning to Jazz Age,2021-04-11,0,-0.2701391354203224,0
Chinese Rocket Is Falling Back To Earth | Wall Street Rebel,2021-05-04,0,-0.2709381617605686,0
The Ray Wood Scholarship to Be Funded by NFT,2021-05-27,0,0.1553222844377161,1
Vitalik : Why Elon Musk plan for scaling crypto 10x is  fundamentally flawed  ,2021-05-24,0,0.0027292817831038,-1
Abiodun and his social contract with Ogun citizens,2021-05-30,0,-0.0096188932657241,0
"The Hen House in Pueblo West struggles with staffing , inventory even as COVID restrictions loosen",2021-05-04,-1,-0.9355459986254572,0
The Great Transition : Monetary Hopes To Fiscal Reality,2021-04-12,0,0.1014724634587765,0
Egypt Seeks Out - of - Court Settlement with Ever Given Owners,2021-05-30,1,0.1964085400104522,0
bitcoin : Why Bitcoin and its relatives should not bother us much,2021-05-21,0,-0.0154213439673186,0
Dollar subdued as investors look to key U . S . inflation gauge,2021-06-08,1,0.1048791408538818,1
US securities regulator Gary Gensler wants more protection for crypto investors,2021-05-07,0,0.2741142036393285,1
Itching for a High - End Gaming Rig ? Try a Tesla Model S,2021-06-03,0,0.0428944006562233,0
Innovative Work Cultures Know the Difference Between  Leader  and  Manager  ,2021-04-06,0,0.0004519671201706,0
Coinbase shares jump 10 % day after Nasdaq debut,2021-04-15,1,0.5915925055742264,1
Apple races past Wall St . with $89 . 58 billion earnings for quarter,2021-05-02,1,0.7835673335939646,1
CSRWire - Cool Effect Launches Digital Toolkit to Inspire Collective Action This Earth Month,2021-04-01,1,0.5743866888806225,1
Bitcoin / Ethereum continues to get hammered as traders liquidate . Prices move down over - 50 % from highs . ,2021-05-19,-1,-0.9625472463667396,-1
Himanta Biswa Sarma - key BJP strategist behind NDA victory in Assam,2021-05-02,0,0.1437516584992409,0
Bitcoin Must Move Away From Proof - Of - Work Technology : Ripple Larsen,2021-04-24,0,-0.0835798718035221,0
Nightmare in the Capital : Joel Embiid hurts his knee and the Sixers lose,2021-06-01,-1,-0.8654469773173333,-1
"Get a luscious lawn , outdoor hot tub , and the white picket fence with this $379 , 900 Highgate home",2021-04-14,0,0.0995454890653491,0
The Day - Movie review : Pandemic adds extra layer of threat to folk horror film  In the Earth  ,2021-04-23,0,-0.0328636169433594,0
"Arlo Pro 4 review : Wireless , 2K resolution , and a built - in spotlight",2021-04-19,0,0.1712021008133888,0
McCall - Donnelly hires Eric Pingrey as new superintendent,2021-04-10,0,-0.0845171920955181,0
"Ship Happens : Coffee , Livestock , Ikea Furniture Among The Objects Stuck At The Suez",2021-03-31,0,-0.2808368355035782,-1
"Breaking : Ethereum price shatters $4 , 000 to set up another all - time high",2021-05-10,1,0.445009496062994,1
IT News Online - NEAR Foundation Grants Vorto Gaming Six Figure Sum to Develop Blockchain Gaming Platform,2021-05-06,0,0.2870090724900365,1
Digital Assets : Cheshire firm sees the future of promotional products in NFTs,2021-05-03,0,0.1410414846614003,1
Chinese Bitcoin Traders Still Wield  Enormous Influence  Despite Beijing 4 - Year Crypto Crackdown – NBC 7 San Diego,2021-05-26,0,0.1837065685540438,1
MicroStrategy Discloses A $15M Bitcoin Purchase,2021-05-14,0,0.024509148672223,0
Bulgaria prime minister stumbles badly at the polls,2021-04-08,-1,-0.9503007046878338,-1
ADA price prediction : Why Cardano could be the winner of 2021,2021-04-11,0,0.0595707949250936,0
Securitize Powers Exodu Regulation A Offering,2021-05-06,0,0.0138857010751962,0
DCG Green Lights $750M Grayscale Bitcoin Trust Purchase,2021-05-04,0,0.1061208304017783,1
NBA Playoffs 2021 : Kawhi Leonard and Luka Doncic duel as LA Clippers take Game 7 over Dallas Mavericks | NBA . com Canada,2021-06-07,0,0.0508866943418978,0
Arizona Cardinals NFL Draft Preview : Cornerback Is The Logical Focus After Loss Of Patrick Peterson,2021-04-21,0,-0.0043693371117114,0
S & P PH credit rating seen as  vote of confidence  – Manila Bulletin,2021-05-28,1,0.5097832903265953,1
"Fortinet , Inc . ( NASDAQ : FTNT ), ( GBTC ) -  Halftime Report  Traders Advise Viewers On Fortinet , Bitcoin And More",2021-05-04,0,0.0108563099056482,0
"New York Yankees vs . Detroit Tigers : Series preview , probable pitchers",2021-05-28,0,0.033284306526184,0
Comments of the Week # 88 : from binary planets to the best views of Pluto,2021-05-29,0,0.0524200908839703,0
MN Legislature May Offer $3 Million In Forgivable Loan To Help Restart And Convert Duluth Paper Mill,2021-04-15,1,0.7588014276698232,1
Litecoin Price Prediction : LTC / USD Appears Bearish as Price Moves Below $235 Support,2021-04-25,-1,-0.8100791200995446,-1
Crypto investors get a shock as India drafts bill to ban digital currency,2021-04-20,-1,-0.8204904794692993,0
The April jobs report reveals two very different Americas,2021-05-07,-1,-0.8154033254832029,0
Congresstrading,2021-04-19,0,0.0073516406118869,0
The 4 Biggest Stories of the Stock Market You Missed in March,2021-04-02,0,-0.0494821965694427,0
Cathie Wood Ark funds bought a big stake in Coinbase,2021-04-15,0,0.0592300184071064,0
Councillor predicts flood of visitors to north coast over Easter after Bobby Storey ruling,2021-04-01,0,-0.1176571398973465,0
Dogecoin surges more than 85 per cent in the last 24 hours,2021-04-14,1,0.8732381351292133,1
Group of artists represent  Supermarket  in Beijing,2021-06-02,0,0.0522433575242758,0
  Oddball supernova  appears strangely cool before exploding,2021-05-05,0,0.0333260782063006,0
Itare Dam : A very expensive white elephant,2021-04-13,0,0.0178892556577921,0
Finding ways to reassess your finances and save money in a pandemic,2021-04-14,0,0.0437390469014645,0
"DigiCrypts Blockchain  : DigiMax Makes Strategic Investment in Technology Disruptor , Kirobo , to Help Solve Decentralized Finance ( DeFi ) Transaction Risks",2021-05-04,1,0.8649995406158268,1
"Good Day for the Indexes , but a Bad Day for Aggressive Traders",2021-05-14,-1,-0.9355263840407132,-1
Cryptocurrency Dogecoin plunges after Tesla boss Elon Musk Saturday Night Live appearance,2021-05-11,-1,-0.8422878030687571,-1
Bayou Bar at the Pontchartrain Hotel resumes live music,2021-05-20,0,0.0200178381055593,0
"Rays get revenge in their own way , blast Yankees",2021-04-17,0,0.0080844424664974,0
"Indonesian crypto exchange Pintu gets $6M Series A led by Pantera , Intudo and Coinbase Ventures – TechCrunch",2021-05-26,0,0.3089086543768644,0
An  uncertain  future in Baltimore,2021-04-18,0,-0.3691560514271259,0
Oregon FBI Tech Tuesday : Building a Digital Defense Against Crypto Investment Scams FBI,2021-04-06,0,0.1191707160323858,0
Jazz vs Warriors Predictions : Expert Picks and Betting Offers,2021-05-10,0,0.0365706216543913,0
"If Youre Patient , Hold BitTorrent As a Long - Term Investment",2021-05-07,0,0.012404479086399,1
"XE Market Analysis : Asia - Apr 21 , 2021",2021-04-21,0,0.0013653449714184,0
"Guts , guilt & the making of Emily Watson",2021-04-11,0,-0.0552445948123932,0
Elon Musk Met With Bitcoin Miners to Discuss Environmental Impact,2021-05-24,1,0.6327399471774697,1
Why is it moving,2021-04-03,0,-0.1274422630667687,0
"OnePlus May Be Working on Introducing Its Cryptocurrency Wallet , Survey Suggests",2021-06-01,0,0.2160466322675348,1
Electric vehicles on islands to be among forum topics,2021-04-13,0,0.068486618809402,0
Tesla Motors ( TSLA ) - Is SafeMoon Overtaking Dogecoin ? ,2021-04-26,0,0.0831879563629627,0
GoodFi Advisory Board Attracts Executives From 22 Top DeFi Projects,2021-05-14,0,0.1672357032075524,0
Crypto see - saw : Musk fuels more bitcoin price drama with tweets,2021-05-17,0,-0.1340261101722716,-1
Musk bitcoin turnaround pleases some Tesla investors,2021-05-14,1,0.8094906406477094,1
Ransomware on the Rise in Critical Infrastructure Sector | King & Spalding,2021-05-13,0,0.0163873806595802,0
The Guardian view on dark skies : we need them,2021-04-07,0,0.0857576662674546,0
Celeste Barber  hates being called an influencer  and insists she an actress first,2021-04-10,0,-0.4402191620320082,0
"Medical Indicators Partners with Maness Veteran Medical to Bring Their Innovative , Single - Use Thermometers to America Veterans and Active Military Members",2021-04-14,1,0.5807028328999877,0
A signature side dish - Horseradish Mashed Potatoes,2021-04-16,0,0.0372651908546687,0
Spring Flower Arrangements Available From Farm Lot 59,2021-05-18,0,0.0287412349134684,0
  I lost everything : Words of warning from man bilked out of $200K by Bitcoin scam,2021-04-03,0,-0.3560125865042209,-1
How To Make The Most Of A 24 - Hour Layover In Jacksonville,2021-04-15,0,-0.0272460579872132,0
"Rachael Blackmore road to success : Life at home in Tipperary , boyfriend and incredible career",2021-05-08,0,0.0364072844386101,0
Fifth Circuit Requires,2021-04-02,0,-0.0355716776102782,0
Queensway Academy  Train to Trade : The Funded Trading Account Program Everyone Talking About,2021-06-07,0,0.0251697674393653,0
Emerging markets in a reopening world,2021-05-01,1,0.5389624573290348,1
Goldman Sachs Banker Quits After Making Millions on Cryptocurrency,2021-05-14,-1,-0.824687832966447,-1
"XLM Price Forecast : Stellar buy signal fades , at risk of 35 % decline",2021-06-02,-1,-0.8344218507409096,-1
Elon Musk Wrong About Bitcoin Energy Consumption ? ,2021-05-23,0,-0.1907973885536193,-1
Moon - Bound Billionaire Books December Trip to the International Space Station,2021-05-14,0,0.0266242697834968,0
The GBP is the strongest and the JPY is the weakest as the NA session begins,2021-05-10,-1,-0.929207358509302,-1
San Diego Padre Fernando Tatis Jr . Immortalized In Crypto Coin,2021-04-05,0,-0.047840841114521,0
Digital transactions continue uptrend,2021-06-01,1,0.3947459459304809,1
BlockFi Taps Blockstream for Mining Colocation Services,2021-05-18,0,0.0344280730932951,0
CRYPTO MARKET : African P2P users on Binance spikes over 2000 % in four months,2021-05-26,1,0.901522323489189,1
"Coinbase Will List Troubled Stablecoin Tether , Now Almost A $50 Billion Market Cap",2021-04-23,0,-0.1729721836745739,-1
Chainlink Has the Potential to Disrupt Traditional Finance,2021-05-24,-1,-0.8934129076078534,-1
Five talking points from Barcelona Copa del Rey win over Athletic,2021-04-18,0,0.3060943670570851,0
"Appetito raises $450 , 000 seed",2021-04-19,0,0.1109150499105453,0
chainlink 2 . 0 - All news and posts by Crowdfund Insider,2021-04-16,0,-0.0068856570869684,0
LankaWeb –  FOREIGN POLICY  – IS IT A NECASIATY FOR A NAION ? ,2021-05-18,0,-0.1188452877104283,0
Ask Yourself These 3 Questions Before Investing in Cryptocurrency,2021-05-07,0,0.010875741019845,0
How Bitcoin and Horror Mix Perfectly - Novinite . com,2021-05-01,0,-0.0031667333096266,0
China Inner Mongolia issues tough rules on bitcoin mining Quartz,2021-05-27,0,-0.3934089280664921,-1
"Global Blockchain and Cryptocurrency Market Report 2021 : As Covid - 19 Lingers , Major Online Retail and Payments Players are Opting for Blockchain Technology",2021-04-07,0,0.0869158878922461,0
Chain of Events Update from Blockchain . com Reveals that it Supports Instant Transfers in the US and Faster Payments in the united kingdom ,2021-03-31,1,0.5626401323825122,1
"CME Develops Micro Bitcoin Futures , Set to Launch This May",2021-03-31,0,0.0647038081660867,1
Daily Briefing : Archegos Leveraged Blow - Up : Danger Under the Hood ? ,2021-03-31,0,-0.0859363079071044,-1
"Trekkies Rejoice , Real World Shatner NFTs Now Available to Buy",2021-03-31,0,0.3851821767166257,1
"Cards , Games , And NFTs : An Interview With Andras Kristof",2021-03-31,0,0.0135492961853742,0
What is an NFT and why is it worth money ? ,2021-03-31,0,-0.0227193385362626,0
Blockchain Comes Under Data Privacy Scrutiny | Arent Fox,2021-03-31,-1,-0.8918870072811842,-1
Codebase Ventures Inc .: Codebase Explores NFT Blockchain Ecosystem Investments,2021-03-31,0,0.0449937731027603,0
The Rise Of Bot Trading In The World Of Cryptocurrency,2021-03-31,0,0.1794630354270339,1
MVIS and CryptoCompare Licensed the MVIS CryptoCompare Ethereum VWAP Close Index to VanEck,2021-03-31,0,0.1036164881661534,0
"Art NFT question : Next frontier in trading , or a new form of tulip ? ",2021-03-31,0,0.0466503426432609,0
Valour Launches World First Fee - Free Ethereum Exchange Traded Product ( ETP ) ,2021-03-31,0,0.3871376477181912,1
MVIS And CryptoCompare Licensed The MVIS CryptoCompare Ethereum VWAP Close Index to VanEck - Index To Underlie Securitised Ethereum ETN On Deutsche Börse,2021-03-31,0,0.1116130575537681,1
"Ethereum Price Analysis : ETH consolidation nears completion , targeting $2 , 500",2021-03-31,1,0.7855271082371473,1
What Percentage of Your Portfolio Should Be in Cryptocurrencies ? ,2021-03-31,0,-0.0058827511966229,0
"PARSIQ Launches IQ Protocol , Introduces DeFi to SaaS",2021-03-31,0,0.1189514519646764,0
NFTs of 25 UNR Top Level Domains Minted on the Ethereum Name Service,2021-03-31,0,0.0285229030996561,0
"Qtum And Vaccine Forward Bring 12 , 000 COVID - 19 Vaccinations To The World Poorest Countries - Press Release",2021-03-31,0,0.1407493893057108,0
Cryptocurrency wallet and blockchain tech startup imToken raises $30 million Series B,2021-03-31,0,0.2891686167567968,1
"Ja Rule Mints Fyre Festival Oil Painting As NFT , Sells For $122 , 000",2021-03-31,0,0.0750535102561116,1
"PARSIQ IQ Protocol Launched , Powering the Tokenized - SaaS Ecosystem of the Future",2021-03-31,0,0.2294260356575251,1
Uniswap V3 Concept of  Range Order Overlaps with HipoSwap  Maker Pool  ,2021-03-31,0,0.0742742596194148,0
"No immediate plans to issue central bank digital currency , says Bank Negara | Malaysia",2021-03-31,0,0.0255314167588949,-1
Nic Carter takes aim at claims Bitcoin is an environmental disaster,2021-03-31,0,-0.1706503927707672,-1
What are NFTs and why should electronic music care ? ,2021-03-31,0,-0.0588948130607605,0
Visa Step toward Embracing Cryptocurrency | Endtime Ministries,2021-03-31,0,0.3795041097328067,1
Studies from Nirma University in the Area of Data Analytics Reported ( A Secure Data Analytics Scheme for Multimedia Communication In a Decentralized Smart Grid ) ,2021-03-31,0,0.1324310824275017,0
NFFT . com Shoots beyond the Sky Right after Launch,2021-03-31,0,0.0863812081515789,1
"iPhone user loses $600 , 000 after downloading scam Bitcoin app from Apple store",2021-03-31,-1,-0.8642968675121666,-1
"Bitcoin & Black Gold Soared In Q1 , Treasuries Suffer Biggest Loss In Over 40 Years",2021-03-31,-1,-0.6978320628404617,-1
"Ethereum Price Prediction : As ETH / USD Bullish Interest Returns , Can $2000 Be Achievable In the Short Term ? ",2021-03-31,0,0.4294615685939789,1
Property Tokenization Firm RealT Selects Swiss Fintech Mt Pelerin to Support Digital Securities,2021-03-31,1,0.6704415520653129,1
United Emirate Coin ( UEC ): the First Arab Cryptocurrency,2021-03-31,0,0.1073420019820333,1
Montana regulator calls out Forsage for running a pyramid scheme on Ethereum,2021-03-31,-1,-0.8393729887902738,-1
"NetFlix ( NFLX ), New York Times Company ( NYT ), Square ( SQ ), Twitter ( TWTR ) -  Tiger King  NFT Drops Tomorrow Despite Opposition From The Tiger King Himself",2021-03-31,0,-0.2421821728348732,-1
Cryptocurrencies Break Another Market Cap Record,2021-03-31,-1,-0.3635852634906769,1
Cryptocurrency wallet and blockchain tech startup imToken raises $30 million Series B – TechCrunch,2021-03-31,0,0.344307690858841,1
NFT art boom has striking similarities with 2017 bust,2021-03-31,0,0.1735734939575196,0
7 - Way Array Of NVIDIA GeForce RTX 3060 Used In A Single Mining Rig,2021-03-31,0,0.0417076488956809,0
"Superstar artist Damien Hirst to sell 10 , 000 NFTs using a new Ethereum technology called Palm",2021-03-31,0,0.2963660899549722,1
ConsenSy new Ethereum - based platform promises 99 % energy efficiency for NFTs,2021-03-31,1,0.9083583373576404,1
"Bakkt Launches Digital Wallet with Starbucks , Best Buy and More . - TheStreet Crypto : Bitcoin and cryptocurrency news , advice , analysis and more",2021-03-31,0,0.0236338507384062,1
Goldman close to offering Bitcoin to wealth management clients,2021-03-31,0,0.0992498602718115,1
BlackRock SEC filings show $360K gained from Bitcoin futures,2021-03-31,1,0.9221582449972628,1
Consumers can now load bitcoin or frequent flier miles | Nation Restaurant News,2021-03-31,0,0.0849672397598624,1
"Goldman Sachs To Announce Wealth Management Clients Can Invest In Bitcoin , Digital Assets , Memo Says",2021-03-31,0,0.1458799662068486,1
The spiciest deals and freebies rolling out for National Burrito Day,2021-03-31,0,0.0902883894741535,0
Indian crypto users suspect Flipkart Bitcoin announcement is an April Fools joke,2021-03-31,-1,-0.6064464580267668,-1
"Chipotle to Give out Free $200 , 000 in Bitcoin and Burritos on April 1",2021-03-31,0,0.4225371815264226,1
"Apple Approved Bitcoin Scam App Robs Man Of $600 , 000",2021-03-31,-1,-0.465890571475029,-1
Goldman Close to Offering Bitcoin to Wealth Management Clients,2021-03-31,0,0.0992498602718115,1
Goldman to offer investments in digital assets for wealth management clients,2021-03-31,0,0.1292643211781979,0
Chipotle is Giving Away Burritos and Bitcoin for Burrito Day,2021-03-31,0,-0.0017540529370307,0
Riot Blockchain Announces Financial Highlights for the Fourth - Quarter & Full - Year Ended ... ,2021-03-31,0,0.1221036687493325,1
"Crypto Flash - Crashes Overnight , Goldman Joins Morgan Stanley On Bitcoin Bandwagon",2021-03-31,0,-0.1220276951789856,-1
Why Chamath Is Wrong About Inflation,2021-03-31,0,-0.0406003296375275,0
1 Bitcoin will buy you a house in Nigeria rich suburb,2021-03-31,0,0.2040411923080683,1
"National Burrito Day deals on Thursday , April 1 :: WRAL . com",2021-03-31,0,-0.0078685786575079,0
Morphis Software Now Standard on General Bytes BATMs . Morphis integration creates a layer of automation for ALL customers . ,2021-03-31,0,0.2191995894536376,0
Los Angeles Rams Safety Taylor Rapp to Launch NFT and Donate Funds to Fight Anti - Asian Hate,2021-03-31,0,0.328368078917265,0
TA : Why Bitcoin Price Looks Set For A Strong Rally Above $60K,2021-03-31,1,0.9193002898246048,1
Goldman Sachs Plans to Let Wealthy Clients Invest in Bitcoin,2021-03-31,0,0.1408577235415578,1
DeFi platforms Zapper and Aave announce Polygon sidechain integrations,2021-03-31,0,0.1957700122147799,0
Ethereum Shows Altitude Sickening as Price Drops At Key Resistance,2021-03-31,-1,-0.92893279530108,-1
"TA : Ethereum Bulls Keeps Pushing , Why Rally Isnt Over Yet",2021-03-31,0,-0.0407868549227714,0
MVIS and CryptoCompare Licensed the MVIS CryptoCompare Ethereum VWAP Close Index to VanEck - Press Release,2021-03-31,0,0.0341234784573317,0
Bitcoin ( BTC / USD ) & Ethereum ( ETH / USD ) Momentum Suggests New All - Time Highs Are Near,2021-03-31,1,0.9173243176192044,1
Tech Megatrend ETF rebalances to focus on more blockchain stocks,2021-03-31,0,0.0620220229029655,0
Goldman Sachs close to offering Bitcoin to wealth management clients,2021-03-31,0,0.1084682587534189,1
PayPal allows US shoppers to make cryptocurrency purchases | Money,2021-03-31,0,0.1197410756722092,1
PayPal allows US shoppers to make cryptocurrency purchases,2021-03-31,0,0.1062258053570986,1
"Bitcoin Scam App on Apple App Store , Costs $600 , 000 to iPhone User : Epic CEO Calls Store  Full of Scams  ",2021-03-31,0,-0.0387111417949199,-1
Breaking News : DMG Blockchain Solutions and Marathon Digital Holdings enter into Definitive Software and Technology Agreement for the DCMNA Pool,2021-03-31,1,0.8722225967794657,0
"Teletubbies teases cryptocurrency , NFT , or something even dumber",2021-03-31,0,-0.1700113452970981,-1
Career Commodities Trader Warns Bitcoin Community Over Coinbase Concerns,2021-03-31,-1,-0.8254150710999967,-1
Handcash introduce Duro : a universal currency for apps and games,2021-03-31,0,0.1437044516205788,0
Bitcoin speculators have a new tool to hedge their spot market risk,2021-03-31,0,0.1603344883769751,1
Sold Bitcoin in 2021 ? It Could Impact Your Tax Bracket,2021-03-31,-1,-0.7146199066191913,-1
"Link Global Technologies Inc .: Link Global Announces The Arrival On Site of Bit Digital Bitcoin Mining Machines , Bringing Hash Rate to 350 PH / S",2021-03-31,1,0.8630158193409443,1
Mining Bitcoin On My Desktop PC For 3 Weeks - How Much Crypto Profit Using RTX 3080 on NiceHash :: The Market Oracle :: ,2021-03-31,0,0.0166381690651178,0
Circle Rolls Out Credit Card Payment Solution for NFT Marketplaces,2021-03-31,0,0.19179208856076,0
"As Global Air Travel Picks Up , Travala . com Makes Booking Flights With Bitcoin and Other Cryptocurrencies Even Easier",2021-03-31,0,0.267293314449489,1
Breaking Down the Basics of Cryptocurrency,2021-03-31,0,0.0092311054468154,0
SpaceX is adding a glass dome on Crew Dragon for 360 views of space,2021-03-31,0,0.2078024549409748,0
From a childhood fear of the dark to first ever female head of Canadian astrophysics institute,2021-03-31,0,0.0433542430400849,0
China blockchain project BSN to integrate R3 Corda,2021-03-31,0,0.4786119754426181,0
Effia - Kwesimintsim achieved a lot despite Coronavirus – MCE,2021-03-31,1,0.9291216311976316,0
"Wow Kidz , the kid animation brand owned by Cosmos - Maya , has partnered with the global educational publisher , Twinkl",2021-03-31,1,0.8569480525329709,0
Astronomers Concerned After Finding Melanoma In Previously Unexplored Corner Of Galaxy,2021-03-31,-1,-0.8980397265404464,-1
Alumna among  20 trailblazing women in astronomy and astrophysic | University of Hawaiʻi System News,2021-03-31,0,0.0756902759894729,0
Wake up and smell the cosmos – The Citizen,2021-03-31,0,0.0426023956388234,0
Cosmos - Maya Wow Kidz partners with publishing house Twinkl,2021-03-31,0,0.4162009945139289,0
VeChain Price Forecast : VET technicals spell doom as losses to $0 . 068 linger,2021-03-31,-1,-0.8928095325827599,-1
"Altcoins To Watch : ORN , GRT , NEO",2021-03-31,0,0.0048661082983017,0
Teen Wife Gang - Raped By Three Men While Husband Helplessly Watched,2021-03-31,-1,-0.6786013245582581,-1
The Theater of the Absurd -- Starring  The Democrats  ,2021-03-31,0,0.0198761224746703,0
Chainlink reveals Hackathon $125K in bounties LINK outlook,2021-03-31,0,0.0740853771567345,0
PayPal and Visa move to embrace cryptocurrency,2021-03-31,0,0.43564332742244,1
PayPal stock price analysis after launching a new crypto service,2021-03-31,0,0.0757034886628389,0
PayPal Users In the U . S . Can Now Checkout With Crypto,2021-03-31,0,0.0562563510611654,1
"Elvis Costello , indie acts stick with what works",2021-03-31,0,0.0142907407134771,0
An Ultimate Guide for Cryptocurrency Trading in Australia :: The Market Oracle :: ,2021-03-31,0,0.0408877618610859,1
Space is the place for impossible molecules,2021-03-31,0,-0.0011051557958125,0
Dubai girl meets UAE minister after writing tribute in Young Times,2021-03-31,0,0.0691661816090346,0
PureStake Completes $6M Funding Round for Moonbeam Network to Aid Mainnet Launch,2021-03-31,1,0.7993547124788165,1
Polkadot Price Prediction : DOT shows good signs of new all - time highs,2021-03-31,1,0.9040167834609748,1
Lee Camp : Why Biden choice to bomb outer space is so damn exciting,2021-03-31,0,-0.020582664757967,0
  Life Beyond Our Universe ? – The Eerie Implications of Infinite Space,2021-03-31,0,-0.1081650108098983,0
"Davy Rothbart on Covid - 19 , mortality , and the fight to save his father",2021-03-31,0,0.0430082902312278,0
"Health Calendar published March 31 , 2021 | West Central Tribune",2021-03-31,0,-0.0442217048257589,0
"The Story of the Resurrection of Jesus Is No Myth , It Is a Mystery",2021-03-31,0,-0.0201862826943397,0
Page A1 | Litchfield Independent Review TCMS | crowrivermedia . com,2021-03-31,0,-0.0199212934821843,0
2I / Borisov : Interstellar interloper,2021-03-31,0,0.0284687913954258,0
Vault Comics Sets June 2021 Release Slate,2021-03-31,0,-0.0690802484750748,0
iNhome | Time to try growing some vegetable or flower transplants,2021-03-31,0,0.0580317862331866,0
"Once we were stardust , and what we will be is the good surprise",2021-03-31,0,0.127839220687747,0
Intellabridge Technology Corporation : Intellabridge Partners with Terra and Launches Kash Alpha Product,2021-03-31,0,0.3152106693014502,1
Intellabridge Partners with Terra and Launches Kash Alpha Product,2021-03-31,0,0.2649497240781785,1
Ndau Soars to Record Highs Topping $100 Million Market Cap,2021-03-31,1,0.9091801438480616,1
Indian startups begin to shun Chinese investment,2021-03-31,-1,-0.7985539771616459,-1
"Book Review : An Elegant , Readable Dive Into the Upanishads",2021-03-31,0,0.1050196681171656,0
Elon Musk May Be Attracting Extraterrestrials to Earth,2021-03-31,0,0.0588219230994582,0
Chipotle Is Giving Away $100k In BitCoin | 100 . 3 The Peak,2021-03-31,0,-0.0152834057807921,1
PayPal to let users pay with cryptocurrency,2021-03-31,0,0.0777895776554942,1
"PayPal , Visa chart a course for crypto that banks could follow",2021-03-31,0,0.0522849690169096,1
Codebase Explores NFT Blockchain Ecosystem Investments,2021-03-31,0,0.0744616892188787,1
IT News Online - Codebase Explores NFT Blockchain Ecosystem Investments,2021-03-31,0,0.0956259826198221,1
CoinLoan Token Is Now Listed on the Bittrex Global Exchange,2021-03-31,0,0.0307916728779674,1
Cometh Integrates Sushiswap Onsen,2021-03-31,0,0.1606155829504133,0
Dora Factory Hexa Ido Launch,2021-03-31,0,0.0197203233838081,0
Jarden Brief : China plans to launch new stock exchange,2021-03-31,0,0.1092429189011455,1
Bitcoin uses as much energy as Sweden and is on course to use even more . Experts say that a  major problem  for its future . ,2021-03-31,0,-0.0481638982892037,-1
United Emirate Coin ( UEC ) : the First Arab Cryptocurrency,2021-03-31,0,0.1073420019820333,1
Inside a viral website,2021-03-31,0,-0.0225822702050209,0
Apple blamed after fake app stole man life savings in bitcoin,2021-03-31,-1,-0.8493800908327103,-1
"Blockchain IoT Market Predicted to Obtain $2 , 409 Million by 2026 - Press Release",2021-03-31,0,0.1288834260776639,1
Commentary : Dont trust the hype – Bitcoin will never be a wise investment,2021-03-31,0,-0.0644012168049812,-1
bitcoin : Moving beyond Bitcoin to the next crypto revolution in 2021,2021-03-31,0,0.2005884712561965,1
"Cryptocurrencies : Tech Expert , Ishola , Says Stablecoins could be Bridge Between Regulators and Players",2021-03-31,0,0.1236365139484405,1
"Focus on NFTs and interoperability pushes Icon ( ICX ), Ark and Axie Infinity higher",2021-03-31,1,0.8639974906109273,1
Bitcoin Uses As Much Energy As Sweden and Is on Course to Use Even More,2021-03-31,0,0.3579610362648964,-1
Art Industry News : Damien Hirst Is Launching a New Eco - Friendly NFT Series About  the Boundaries of Art and Currency  + Other Stories,2021-03-31,0,0.0943857273086905,1
"Blain : The Market  Has 1929 , 1987 , 2000 Writ In Bold Blood Letters  All Over It",2021-03-31,0,-0.0167806968092919,-1
What You Need to Know About Buying Cryptocurrency on PayPal,2021-03-31,0,0.0268515050411224,0
Bitcoin rises as Visa moves to approve crypto USD Coin,2021-03-31,0,0.2537283822894096,1
New Plans To Debut Micro BTC Futures In May Announced By CME Group,2021-03-31,0,0.2150001712143421,1
PayPal Officially Launches  Checkout with Crypto  Feature for US Customers,2021-03-31,0,0.2483187867328525,1
"Hashtag Trending , March 31 – Reddit bets on Toronto ; PayPal accepts crypto ; Louvre collection goes digital",2021-03-31,0,0.113940216600895,1
CME To Launch Micro - Bitcoin Futures ; Options Traders Betting On $80k By End - April,2021-03-31,1,0.7480929661542178,1
How Will Spending Cryptocurrency Online Work ? ,2021-03-31,0,0.0081162843853235,0
Exclusive : PayPal launches crypto checkout service,2021-03-31,0,0.0630513215437532,1
Goldman Sachs to offer clients bitcoin investment option,2021-03-31,0,0.1124347820878029,1
PayPal launches crypto checkout service,2021-03-31,0,0.0546040572226047,1
PayPal launches crypto checkout service for its customers,2021-03-31,0,0.1304877512156964,1
PayPal Launches Cryptocurrency Checkout Service in US,2021-03-31,0,0.0701585644856095,1
"PayPal to let users pay for purchases at checkout using Bitcoin , other cryptocurrency",2021-03-31,0,0.0588544234633446,1
XBT Provider AB ( Publ ) Announces Settlement Amounts for Expiring Litecoin & XRP Certificates,2021-03-31,0,-0.1458285748958587,1
Investegate |XBT Provider AB Announcements | XBT Provider AB : XBT Provider AB ( Publ ) Announces Settlement Amounts for Expiring Litecoin & XRP Certificates,2021-03-31,-1,-0.2192814946174621,-1
Digital Currency : The Future Of Your Money,2021-03-31,0,0.0430002138018607,1
"PARSIQ IQ Protocol Launches , Powering the Tokenized - SaaS Ecosystem of the Future",2021-03-31,0,0.2024187641218305,1
Sheesha Finance and Royale Finance Partner to Leverage Premier DeFi Staking Mechanism,2021-03-31,0,0.4492277582176029,0
This is how to make and lose a fortune with NFTs – Cointelegraph Magazine,2021-03-31,0,0.0168725326657295,0
Corda to launch on China Blockchain - based Service Network - Ledger Insights,2021-03-31,0,0.1259945705533028,1
Crypto firm Luno appoints new CFO - CityAM : CityAM,2021-03-31,0,0.0109002087265253,0
Goldman Sachs Is Close to Offering Bitcoin and Other Digital Assets to Its Wealth Management Clients,2021-03-31,0,0.2319043185561896,1
Goldman Sachs reportedly jumps on the bitcoin bandwagon,2021-03-31,-1,-0.4187344461679459,-1
Goldman Sachs to Allow Bitcoin and Crypto Investment Option for Its Wealth Management Clients,2021-03-31,0,0.2617677585221827,1
Tax news in brief,2021-03-31,0,-0.0260442327708005,0
Blockchain Market expected to obtain $39 . 7 billion by 2025,2021-03-31,0,0.2815733780153095,1
"Central bank digital cash may unleash flood of new payments players , says BIS",2021-03-31,-1,-0.7022007107734681,-1
Goldman Sachs Is the Latest to Join the Bitcoin Stampede,2021-03-31,0,0.0233224667608738,1
Goldman Sachs Will Be Next Big Wealth Manager to Offer Clients Crypto,2021-03-31,0,0.1208212776109576,1
Hong Kong Security Crackdown Leads to Record Capital Outflows Residents Reportedly Used Cryptocurrencies to Move Funds – Finance Bitcoin News,2021-03-31,-1,-0.944139689207077,-1
"SAMAA - Gold price drops Rs2 , 800 in Pakistan",2021-03-31,-1,-0.956485160626471,-1
British Bitcoin Profit Review : It A Scam Or Legit ? ,2021-03-31,0,-0.2931198198348284,0
500 . com Limited Completes Subscription for Shares of Loto Interactive Limited,2021-03-31,0,0.0616525020450354,0
DeepDotWeb administrator pleads guilty to money laundering charge for operating referral site,2021-03-31,-1,-0.7900152020156384,-1
Activision Discovers CoD : Warzone Malware Disguised As Cheats,2021-03-31,0,-0.2563195470720529,0
"Bit Capital Group Launches Bit Capital Opportunity Zone Fund , LLC Seeking Accredited Investors for their Investment into Renewables Blockchain Mining Businesses",2021-03-31,1,0.5455680349841714,1
Physical Auction Store Goldin Auctions Adds Crypto Payment Options,2021-03-31,0,0.0226111542433499,1
Ortom condemns killing of Catholic priest in Katsina - Ala,2021-03-31,-1,-0.838512184098363,0
The Buyer of Christie $69 Million Beeple NFT Was Ready To Bid Higher,2021-03-31,0,0.2068219911307096,1
How to get a free HBO Max account for Godzilla vs . Kong ( 2021 ) ,2021-03-31,0,0.0158072933554649,0
Nicky had ties to feared underworld kingpin,2021-03-31,0,-0.1300515420734883,0
UAE residents rush to buy gold as prices at 9 - month low,2021-03-31,1,0.4701110273599626,1
ASX futures higher ; AMP CEO to leave,2021-03-31,1,0.8113507181406022,1
CBDC explained,2021-03-31,0,0.0169734768569468,0
PayPal enables crypto payments with Checkout launch,2021-03-31,0,0.0536647159606218,1
Digital Investment Platform Uphold Set to Acquire U . S . Broker Dealer JNK Securities Upon Regulatory Approval,2021-03-31,0,0.0648612603545188,0
Bitcoin and the Future of Decentralized Finance,2021-03-31,0,0.0413628313690424,0
Brevan Howard runs $50 billion unit like BlackRock Aladdin,2021-03-31,0,0.0159744396805763,0
Why The9 Limited Stock Plummeted Today,2021-03-31,-1,-0.8105763234198095,-1
The Strange Fantasy World of NFTs,2021-03-31,0,0.0117746964097022,0
PayPal Launches  Checkout With Crypto  in US,2021-03-31,0,0.090637263841927,1
A central bank digital currency : Challenges and opportunities,2021-03-31,0,0.0666129104793072,0
Forbes Convenes Industry Leaders At Third - Annual Blockchain 50 Symposium :  Crypto Goes Corporate  ,2021-03-31,0,0.0371183007955551,0
"SEC Chairman Nominee Expected To Usher In Era Of Increased SEC Enforcement , Regulation - Corporate / Commercial Law",2021-03-31,0,0.1210545729845762,0
Man Blames Apple for $600K Bitcoin Theft,2021-03-31,-1,-0.8493584468960762,-1
"Central bank digital currencies could spark more competition in payments sector , BIS says",2021-03-31,-1,-0.5553418844938278,-1
Nets and Salamantex bring cryptocurrencies to shop terminals in Austria,2021-03-31,0,0.0823733825236558,0
Morningside School of Music starts accepting crypto payments,2021-03-31,0,0.0793552324175835,1
ImpulseVen : How an AI - enabled Arbitrage Bot is Transforming Crypto Trading,2021-03-31,0,0.0529237892478705,0
Uphold to Acquire U . S . broker dealer JNK Securities after Regulatory Approval,2021-03-31,0,0.0852435547858477,0
"Letters to the editor dated March 31 , 2021 - The Hindu BusinessLine",2021-03-31,0,-0.0039571896195411,0
"Is There An Escape ? Collapse Of The Us Dollar , Massive Inflation Coming Soon ! – Investment Watch",2021-03-31,0,-0.2510792389512062,-1
Over 50 % of Binance Russian Customers Believe Crypto Can Replace Bank Deposits,2021-03-31,0,0.1194792678579688,1
The Incoming Spotlight on Blockchain and Antitrust Enforcers,2021-03-31,0,-0.110108595341444,0
Fish . Pro Is About to Start Its Pioneer Project Event,2021-03-31,0,0.1015982311218977,0
"FOREX - U . S . dollar hits one - year high vs yen , index on track for best quarter since June 2018",2021-03-31,1,0.8452018201351166,1
Free food and free bitcoins from Chipotle on  National Burrito Day  | 97 . 1 WASH - FM,2021-03-31,0,0.2385943345725536,1
Finxflo Enlists Fireblock MPC - based Technology to Secure Its Liquidity Aggregation Infrastructure - Press Release,2021-03-31,1,0.6401562448590994,1
 ! llmind Interview on New Cryptocurrency,2021-03-31,0,0.0207718554884196,0
Singapore blockchain firm imToken secures $30m Series B led by Qiming Venture Partners,2021-03-31,1,0.8306543417274953,1
Jack Harlow Channels Inner Eminem For SNL Cryptocurrency Skit,2021-03-31,0,-0.1033562608063221,0
Chipotle Is Giving Away Free Burritos & Free Bitcoin Tomorrow | Y102,2021-03-31,0,0.0917480736970901,1
"Kia EV6 , Lexus LF - Z , Genesis X Coupe , LFA VS Carrera GT V10 Sound - Off , AMG C63 Goes 4 Pot : Your Morning Brief",2021-03-31,0,0.0817751390859485,0
Your bones will turn to dust long before this crypto - mining Game Boy produces a Bitcoin,2021-03-31,0,0.0028392300009728,1
"New indictment : Joel Greenberg used tax collector funds to buy himself cryptocurrency , Michael Jordan merch",2021-03-31,0,-0.0079114288091658,-1
Daily Crunch : Google starts testing its cookie alternative – TechCrunch,2021-03-31,0,0.1522169299423695,0
"Banks remain target of cyberthreats ; scams , misinformation about virus , vaccines will dominate cyberspace",2021-03-31,-1,-0.7712329272180796,-1
"Ex - Seminole tax collector Joel Greenberg indicted again on wire fraud , bribery charges",2021-03-31,-1,-0.7741658538579941,-1
"Goldman Sachs Group ( GS ), MicroStrategy ( MSTR ), Nvidia ( NVDA ), Square ( SQ ) - Goldman Sachs To Offer  Full Spectrum  Of Investments In Cryptocurrencies",2021-03-31,0,0.3427266255021095,1
Ben Munster,2021-03-31,0,-0.0037773214280605,0
Crypto entrepreneur beats fraudster in Supreme Court,2021-03-31,0,-0.0797819346189498,1
"iMD Companies , Inc ., Expands Operations for Cryptocurrency Farming in Silicon Slopes Near Lehi , Utah",2021-03-31,1,0.7359139211475849,1
"Apple ( AAPL ), Google ( GOOG ), Tesla Motors ( TSLA ) - Apple  Betrayed  My Trust , Says iPhone User Who Lost $1M To Scam Bitcoin App",2021-03-31,0,0.1268783062696457,-1
Pomerantz Law Firm Announces the Filing of a Class Action Against SOS Limited and Certain Officers,2021-03-31,0,-0.3999506626278162,0
Local filmmaker wants to cash in on NFT movement,2021-03-31,0,0.3079182356595993,1
"Former Seminole County tax collector accused of stealing $400 , 000 in taxpayer money",2021-03-31,-1,-0.6075410041958094,-1
App Store scammer bilks $600K in bitcoin from iPhone user,2021-03-31,0,0.0849765352904797,-1
Storj Price Forecast : STORJ primed for 45 % rally if this crucial demand barrier holds,2021-03-31,1,0.8999514319002628,1
"Child tweets on behalf of nuke , space mission agency US Strategic Command",2021-03-31,0,-0.0247357115149498,0
Police arraigns BRT driver for manslaughter,2021-03-31,-1,-0.8032482527196407,-1
Israeli pleads guilty in global probe into multi - million dark net site,2021-03-31,-1,-0.3798457086086274,-1
Popular Warzone cheat software is actually a malware installer,2021-03-31,0,-0.0877198558300734,0
Incoming dean of NUS Law relinquishes position 2 weeks after announcement of appointment,2021-03-31,0,-0.3207470197230578,0
Hackers hit Italian menswear brand Boggi Milano with ransomware,2021-03-31,-1,-0.8888732623308898,0
BIGtoken Top 10 Privacy and Crypto Headlines From March,2021-03-31,0,-0.0395482406020164,0
iPhone user blames Apple for $600K Bitcoin theft via fake app,2021-03-31,-1,-0.9219051990658044,-1
South African start - up raises $1 . 4 million in crowd sale of Zimbabwe solar project,2021-03-31,1,0.6599791934713722,1
Mode Global Holdings PLC promotes founding team member to chief investor relations officer,2021-03-31,0,0.1730868797749281,1
U . S . dollar crowns best quarter since June 2018 with one - year high vs yen,2021-03-31,1,0.8691900409758092,1
"Mechanical Technology , Incorporated Reports Record 2020 Revenue and Full Year Results",2021-03-31,1,0.8871777318418026,0
"U . S . dollar hits one - year high vs yen , index on track for best quarter since June 2018",2021-03-31,1,0.8282312899827957,1
"U . S . dollar climbs to one - year peak vs yen , index on track for best quarter since June 2018",2021-03-31,1,0.8673280887305738,1
  Buzz on the Street  Show : DMG Blockchain Solutions ( OTCQB : DMGGF ) ( TSX - V : DMGI ) DCMNA Pool |  Buzz on the Street  Show : DMG Blockchain Solutions ( OTCQB : DMGGF ) ( TSX - V : DMGI ) DCMNA PoolFinancial Buzz,2021-03-31,0,0.0445080297067761,0
PRESS DIGEST - Canada - March 31,2021-03-31,0,-0.0208966415375471,0
Tokocrypto IEO | Coinspeaker,2021-03-31,0,0.0245567634701729,0
The Elephant in the Room : How This Project Addresses Human Reliance in Token Economy Models,2021-03-31,0,0.0511765666306019,0
Asian Stocks Steady as Treasury Yields Edge Up : Markets Wrap,2021-03-31,-1,-0.6514752358198166,1
Sagicor supports digital currency in Jamaica,2021-03-31,0,0.1214391225948929,1
Bitcoin Flash Crash Pauses as Goldman Sachs Announces Crypto Services,2021-03-31,0,-0.2603263817727566,0
"Bitcoin Payments Are Great , But Stablecoins Are The Future Of Crypto – Visa Is Just The Beginning",2021-03-31,0,0.0556832887232303,0
Tesla Just Helped Patch a Bug in This Open Source Bitcoin Payment Processor,2021-03-31,0,0.083387166261673,0
Goldman Sachs To Become Second Big Bank Offering Bitcoin To Wealthy Clients,2021-03-31,1,0.6600497867912055,1
"On National Burrito Day , Chipotle giving away $200k in burritos , Bitcoin",2021-03-31,0,0.0517802685499192,1
Bitcoin on  inevitable path  to reach gold market cap – Mike Novogratz,2021-03-31,1,0.5582330580800773,1
Bitcoin ( BTC / USD ) Poised for Fresh Highs or Major Reversal ? ,2021-03-31,-1,-0.1657050848007202,0
HIVE Blockchain Stock Could Rocket if Bitcoin Prices Hit $100K,2021-03-31,-1,-0.521665021777153,1
Bitcoin Limited Supply Makes It  Uncatchable  by Other Currencies,2021-03-31,-1,-0.549783380702138,1
Fracking Companies Pivot to Mining Bitcoin as Pandemic Woes Continue to Bite,2021-03-31,0,-0.1781134009361267,1
"A Bitcoin Will Be Worth a Bugatti in 2022 , Says Kraken CEO Jesse Powell",2021-03-31,1,0.5727151837199926,1
Chipotle is giving away $100K in bitcoin,2021-03-31,0,-0.0970670059323311,1
"Teslas can now be bought for bitcoin , Elon Musk says",2021-03-31,0,0.1659307135269045,1
Bitcoin in Focus as CFTC Issues $572 Million Fine for Crypto Ponzi Scheme,2021-03-31,-1,-0.7732260003685952,-1
Bitcoin : Closer Than Ever to a Huge Crypto Catalyst – A Bitcoin ETF,2021-03-31,0,0.3965746350586415,0
"Bitcoin Price Above $59 , 000 As Goldman Sachs To Offer Digital Asset Investments",2021-03-31,1,0.7081031240522861,1
"Chipotle is giving away $100 , 000 in bitcoin",2021-03-31,0,-0.0258794128894806,1
"iPhone owner loses $600 , 000 in Bitcoin in seconds after accidentally downloading the wrong app",2021-03-31,-1,-0.8894695909693838,-1
"Chipotle to Give Out Free Burritos and $100 , 000 in Bitcoin",2021-03-31,0,0.4157136678695679,1
Tesla Motors ( TSLA ) - Tesla Team Identified And Fixed A Bug In Open Source Crypto Processor,2021-03-31,0,0.1034177988767623,0
"Bitcoin May Be  Very , Very Close  to an Intermediate - Term Top , Strategist Says – NBC 5 Dallas - Fort Worth",2021-03-31,0,0.1944484412670135,0
"At the dawn of a new Internet , Bitcoin to replace Gold ? ",2021-03-31,0,0.0707448963075876,0
"Is bitcoin going mainstream , and should you buy in ? ",2021-03-31,0,0.0780420089140534,0
"Tomorrow Chipotle Is Giving Away Free Burritos , and Free Bitcoin | K102",2021-03-31,0,0.101638512685895,1
Springfield businessman says $1 . 8 million in Bitcoin stolen overnight,2021-03-31,-1,-0.8293281868100167,-1
RIOT Blockchain Inc stock price : Bounces as Bitcoin bumbles,2021-03-31,0,-0.0822742581367493,0
Strike Launches In El Salvador,2021-03-31,-1,-0.81890800409019,0
A Bitcoin Maximalist On Central Banks With Daniel Prince,2021-03-31,0,0.0095790587365627,0
Safello Acquires Bitcoin . se - Sweden Leading Cryptocurrency Portal,2021-03-31,1,0.616333949379623,1
Goldman to offer bitcoin and other crypto to wealthy investors,2021-03-31,0,0.0988253466784954,1
Chipotle Is Giving Away Bitcoin And Burritos For National Burrito Day | 1075 KISS FM,2021-03-31,0,0.0059143248945473,1
"  Burritos or Bitcoin : Chipotle giving away $200K in food , cryptocurrency for National Burrito Day",2021-03-31,0,0.0697711016982793,1
"National Burrito Day : Chipotle giving away free burritos , $100K in Bitcoin",2021-03-31,0,0.1467725513502955,1
"Chipotle Is Handing Out $100 , 000 in Free Bitcoin ( Plus Burritos ) ",2021-03-31,0,0.4030956542119384,1
No Surprise Here : Institutions Could Run Bitcoin Price Higher,2021-03-31,-1,-0.4351926073431968,1
FREE STUFF : Chipotle Is Giving Away Free Burritos And Free Bitcoin | KAT 103 . 7FM,2021-03-31,0,0.0808533849194645,1
Why Marathon Digital Holdings Stock Gained on Wednesday,2021-03-31,1,0.8278878675773741,1
Will Bitcoin Ever Become Truly Mainstream ? ,2021-03-31,0,0.08129389770329,0
"Making sense of the markets this week : March 29 , 2021",2021-03-31,0,-0.0164128504693507,0
"Asia Stocks , U . S . Futures Steady as Yields Climb : Markets Wrap",2021-03-31,-1,-0.3056198954582215,0
Billionaire Investor George Soro Fund Reveals Bitcoin  Inflection Point  Bet As Crypto Market Price Nears $2 Trillion,2021-03-31,1,0.4416886568069458,1
"Biden opening infrastructure offer , ADP and Pending Home Sales , IMF reports dollar reserves drop , bitcoin rebounds off Goldman news",2021-03-31,-1,-0.9003183729946616,0
Business Highlights - 680 NEWS,2021-03-31,0,-0.0121413655579089,0
Markets in first - quarter : Riding a tiger and waking some bears - Netscape Money & Business,2021-03-31,0,0.0096726939082146,0
Business Highlights,2021-03-31,0,-0.0037889257073401,0
Markets in first quarter : Riding a tiger and waking some bears,2021-03-31,0,0.0794391911476851,0
Markets in first - quarter : Riding a tiger and waking some bears,2021-03-31,0,0.0516853611916303,0
"Sino United Worldwide Consolidated Ltd .: SUIC iDrink Signed Investment Contract With Taiwan BitoEx for Trading on GoldTrade and IndexTrade Led by iDrink and Midas Touch Technology of London , Forging a Strong Partnership With Taiwan Bitoex , the Lar...",2021-03-31,1,0.9281783699989318,0
